{
  "formula": "y ~ 1.4 + 3.15 * x1 + 2.5 * x2 + 0.6 * x3",
  "n_obs": 10000,
  "n_groups": 8,
  "group_sd": 3.0,
  "phi": 0.6,
  "grp_to_b": {
    "0": 0.7909964414837158,
    "1": 0.4215459110398174,
    "2": 2.6950742898248476,
    "3": -5.081689861440659,
    "4": -2.9775968679686278,
    "5": 4.811537695539496,
    "6": 1.7634624053828705,
    "7": -2.4233300138614595
  }
}