{
  "formula": "y ~ 1.4 + 3.15 * x1 + 2.5 * x2 + 0.6 * x3",
  "n_obs": 10000,
  "n_groups": 8,
  "group_sd": 3.0,
  "phi": 0.6,
  "grp_to_b": {
    "0": -2.562481851023612,
    "1": -0.5616857001159524,
    "2": 2.4706973892027047,
    "3": -1.6698257202817577,
    "4": 0.7447425527888636,
    "5": 0.2856117621553925,
    "6": 0.13784831398465933,
    "7": 1.1550932532897016
  }
}